Surname,Address
Moore,100 Narnia lane
Gordon,20 Gotham road
Shelley,1002 Aurora boulevard
Ranaldo,62 Solaris avenue
Kaplan,1947 Middle Earth place
Hubley,1789 Azeroth junction
McNew,1859 Parks road
Malkmus,1905 Naboo way
Kannberg,1776 Liberty road
West,2001 Odyssey way
Young,1917 Tatooine lane
Mangum,42 Frogstar World B
Butler,1215 Magna place
Cox,1861 Lincoln boulevard
Portner,32 Panda place
Lennox,969 Methuselah junction
Murphy,1953 Crick ave
Boucher,1860 Huxley lane
Apple,1 Infinity loop
Deal,21 Jump street
Power,8.5 Fellini way
James,15 Monmouth avenue
Adams,6 Quincy boulevard
